<?xml version = "1.0"?>
<Hub>
	<TC_814A>
		<fromTaxYear>2000</fromTaxYear>
		<toTaxYear>2002</toTaxYear>
		<currTaxRate>0.5</currTaxRate>
		<shortDescription>This field value is getting imported from XML
		</shortDescription>
		<longDescription> This long description ain't long enough but it is
			alright
		</longDescription>
		<statusOfReserve>The status of reserve normally accept 500 characters
			along with special characters like !!@@ and numbers like 123455960
		</statusOfReserve>
		<TaxBenifitFiled>200</TaxBenifitFiled>
		<PotentialInterestAndPenalities>200</PotentialInterestAndPenalities>
		<ExpectedBenifit>4</ExpectedBenifit>
		<AccuredInterest>200</AccuredInterest>
	</TC_814A>


	<TC_816A>
		<currTaxRate>0.5</currTaxRate>
		<dateFirstRecorded>9/2/2019</dateFirstRecorded>
		<typeOfReserve>Contract Default</typeOfReserve>
		<descriptionOfReserve>This field value is getting imported from XML
		</descriptionOfReserve>
		<technicalAccountingCoE>Mollie Holtzman</technicalAccountingCoE>
		<backgroundOfContingency>This field is to capture Background of
			Contigency
		</backgroundOfContingency>
		<statusOfReserve>The status of reserve normally accept 500 characters
			along with special characters like !!@@ and numbers like 123455960
		</statusOfReserve>
		<begBal>200</begBal>
		<chargeToPL>3</chargeToPL>
		<returnedToPL>-2</returnedToPL>
		<userForIntended>-1</userForIntended>
		<translation>4</translation>
		<reClass>9</reClass>
		<explainationOfReclassification>This is to verify explanation of
			reclassification
		</explainationOfReclassification>
	</TC_816A>

	<TC_816AEndBal_Zero>
		<currTaxRate>0.5</currTaxRate>
		<dateFirstRecorded>9/2/2019</dateFirstRecorded>
		<typeOfReserve>Contract Default</typeOfReserve>
		<descriptionOfReserve>This field value is getting imported from XML
		</descriptionOfReserve>
		<technicalAccountingCoE>Mollie Holtzman</technicalAccountingCoE>
		<backgroundOfContingency>This field is to capture Background of
			Contigency
		</backgroundOfContingency>
		<statusOfReserve>The status of reserve normally accept 500 characters
			along with special characters like !!@@ and numbers like 123455960
		</statusOfReserve>
		<begBal>200</begBal>
		<chargeToPL>3</chargeToPL>
		<returnedToPL>-200</returnedToPL>
		<userForIntended>-16</userForIntended>
		<translation>4</translation>
		<reClass>9</reClass>
		<explainationOfReclassification>This is to verify explanation of
			reclassification
		</explainationOfReclassification>
	</TC_816AEndBal_Zero>

	<TC_815A>
		<fromTaxYear>2000</fromTaxYear>
		<toTaxYear>2002</toTaxYear>
		<currTaxRate>0.5</currTaxRate>
		<descriptionOfTaxContigency>Tax Contigency
		</descriptionOfTaxContigency>
		<bestCase>1.0</bestCase>
		<worstCase>2.0</worstCase>
		<mostLikely>3.0</mostLikely>
		<exchangeRate>6.8664</exchangeRate>
		<interestAndPenaltiesBestCase>1.0</interestAndPenaltiesBestCase>
		<interestAndPenaltiesmostLikely>2.0</interestAndPenaltiesmostLikely>
		<interestAndPenaltiesworstCase>3.0</interestAndPenaltiesworstCase>
		<totalReserved>10</totalReserved>
		<totalAccruedInterest>5</totalAccruedInterest>
		<backgroundOfTaxContigency>Background of Tax Contigency
		</backgroundOfTaxContigency>
		<statusOfreserve>Status of reserve</statusOfreserve>
		<explanationofReclassifications>explaination
		</explanationofReclassifications>
		<begBalance>1</begBalance>
		<chargePL>1</chargePL>
		<returnPL>-1</returnPL>
		<useForIntended>-2</useForIntended>
		<translation>9</translation>
		<reClass>2</reClass>
		<endingBalance>1</endingBalance>
		<decimalvalue>12.34</decimalvalue>
		<negativevalue>-200</negativevalue>

		<begBalance0>1</begBalance0>
		<chargePL0>1</chargePL0>
		<returnPL0>-3</returnPL0>
		<useForIntended0>-9</useForIntended0>
		<translation0>9</translation0>
		<reClass0>1</reClass0>

		<shortDescription>This field value is getting imported from XML
		</shortDescription>
		<longDescription> This long description ain't long enough but it is
			alright
		</longDescription>
		<statusOfReserve>The status of reserve normally accept 500 characters along with special characters like !!@@ and numbers like 123455960
		</statusOfReserve>
		<TaxBenifitFiled>200</TaxBenifitFiled>
		<PotentialInterestAndPenalities>200</PotentialInterestAndPenalities>
		<ExpectedBenifit>4</ExpectedBenifit>
		<AccuredInterest>200</AccuredInterest>

	</TC_815A>
	<TC_798D>
	<Interestonlystrips>Entered IO Strips data</Interestonlystrips>
	<ServicingLiabilities>Entered ServicingLiabilities data</ServicingLiabilities>
	<RecourseORObligation>Entered RecourseORObligation data</RecourseORObligation>
	<OtherAssets>Entered OtherAssets data</OtherAssets>
		<QuotedPrice>Entered QuotedPrice data</QuotedPrice>
		
		<salesOfAR>Entered salesOfAR data</salesOfAR>
		<eventsOrCircumdtances>Entered eventsOrCircumdtances data</eventsOrCircumdtances>
		<previousfinancialassets>Entered previousfinancialasset data</previousfinancialassets>
		<externalParty>Entered externalParty data</externalParty>
		<revieweByTCM>Entered revieweByTCM data</revieweByTCM>
		
		<InterestonlystripsEdit>Edited IO Strips data</InterestonlystripsEdit>
	<ServicingLiabilitiesEdit>Edited ServicingLiabilities data</ServicingLiabilitiesEdit>
	<RecourseORObligationEdit>Edited RecourseORObligation data</RecourseORObligationEdit>
	<OtherAssetsEdit>Edited OtherAssets data</OtherAssetsEdit>
		<QuotedPriceEdit>Edited QuotedPrice data</QuotedPriceEdit>
		
		<salesOfAREdit>Edited salesOfAR data</salesOfAREdit>
		<eventsOrCircumdtancesEdit>Edited eventsOrCircumdtances data</eventsOrCircumdtancesEdit>
		<previousfinancialassetsEdit>Edited previousfinancialasset data</previousfinancialassetsEdit>
		<externalPartyEdit>Edited externalParty data</externalPartyEdit>
		<revieweByTCMEdit>Edited revieweByTCM data</revieweByTCMEdit>
			
	</TC_798D>
	
	
	  



</Hub>