<?xml version="1.0" encoding="UTF-8"?>
<!DOCTYPE suite SYSTEM "http://testng.org/testng-1.0.dtd">
<suite name="Suite">

	<test name="Hub Automation">
		<parameter name="TestType" value="RegressionTest_R1" />
		<classes>
			<!-- <class name="tests_R1.TC_1590G_SheduleTest_WithSubmit" /> -->
			<class name="tests_R1.TC_1590G_SheduleTest" />
			<!-- <class name="tests_R1.TC_2000_SheduleTest" /> -->
			<!-- <class name="tests_R1.TC_2000_SheduleTest_WithSubmit" /> -->
			<!-- <class name="tests_R1.TC_1798D_ScheduleTests" /> -->
			<!-- <class name="tests_R1.TC_2001_ScheduleTests" /> -->
			<!-- <class name="tests_R1.TC_123NC_SheduleTest" /> -->
			<!--<class name="tests_R1.TC_1930D_SheduleTest" /> -->
			<!-- <class name="tests_R1.TC_1580G_SheduleTest" /> -->
			<!-- <class name="tests_R1.TC_1580G_SheduleTest_WithSubmit" /> -->
		
			<!-- 1930D,1580G,1580GwithSubmit, 1590 completed suite run -->

			
		</classes>
	</test> <!-- Hub Automation -->

</suite> <!-- Suite -->

