<?xml version="1.0" encoding="UTF-8"?>
<!DOCTYPE suite SYSTEM "http://testng.org/testng-1.0.dtd">
<suite name="Suite">
	<test name="Crescando Automation">
		<parameter name="TestType" value="SmokeTest" />
		<classes>
				<class name="tests.StandardAccountCommercialCreation" /> 
				<class name="tests.LabyrinthAccountCreation" /> 
				<class name="tests.ContactCreation" /> 
				<class name="tests.OpportunityCreation" />

		</classes>
	</test> <!-- Crescando Automation -->
</suite> <!-- Suite -->
