<?xml version="1.0" encoding="UTF-8"?>
<!DOCTYPE suite SYSTEM "http://testng.org/testng-1.0.dtd">
<suite name="Suite">

	<test name="Hub Automation">
		<parameter name="TestType" value="RegressionTest" />
		<classes>
			<class name="tests_R0.TC_814A_FieldValidation1" />
			<!--<class name="tests_R0.TC_814A_FieldValidation2Default" />
			<class name="tests_R0.TC_814A_RollForwardDB" />
			 <class name="tests_R0.TC_815A_FieldLevelValidation1" />
			<class name="tests_R0.TC_815A_FieldValidation2Default" />
			<class name="tests_R0.TC_815_RollForwardDB" />
			<class name="tests_R0.TC_816_FieldValidation1" />
			<class name="tests_R0.TC_816_FieldValidationWithOutAllFields" />
			<class name="tests_R0.TC_816_RollForwardDB" />
			<class name="tests_R0.TC_Hub_FoundationCases" /> 
			<class name="tests_R0.TC_Hub_FoundationCases_DistFC_06" /> -->
		</classes>
	</test> <!-- Hub Automation -->

</suite> <!-- Suite -->

